Data,City,Temperature,Humidity,Wind Speed
08-01-25,Mumbai,31.5,78,12
08-01-25,Delhi,36.200000000000003,49,18
08-01-25,Pune,29.800000000000001,65,14
08-02-25,Mumbai,30.899999999999999,80,10
08-02-25,Delhi,35.5,51,16
08-02-25,Pune,28.600000000000001,68,13
08-03-25,Mumbai,31.199999999999999,77,11
08-03-25,Delhi,34.799999999999997,53,20
08-03-25,Pune,29,66,12